time,io,ctlmode,ctlbrake,ctlthrottle,ctlgear_location,vehicle_speed,engine_rpm,driving_mode,throttle_percentage,brake_percentage,gear_location, imu
1562208729.6509,0,1,0.0,0.0,0,0.0,nan,0,0.0,0.0,0,-0.00482425093651
1562208729.6603,0,1,0.0,0.0,0,0.0,nan,0,0.0,0.0,0,-0.00499188899994
1562208729.6708,0,1,0.0,0.0,0,0.0,nan,0,0.0,0.0,0,-0.00547617673874
1562208729.6801,0,1,0.0,0.0,0,0.0,nan,0,0.0,0.0,0,-0.00547617673874
1562208729.6905,0,1,0.0,0.0,0,0.0,nan,0,0.0,0.0,0,-0.00456348061562
1562208729.7008,0,1,0.0,0.0,0,0.0,nan,0,0.0,0.0,0,-0.00456348061562
1562208729.7102,0,1,0.0,0.0,0,0.0,nan,0,0.0,0.0,0,-0.00482425093651
1562208729.7206,0,1,0.0,0.0,0,0.0,nan,0,0.0,0.0,0,-0.00527128577232
1562208729.7310,0,1,0.0,0.0,0,0.0,nan,0,0.0,0.0,0,-0.00517815351486
1562208729.7403,0,1,0.0,0.0,0,0.0,nan,0,0.0,0.0,0,-0.00512227416039
1562208729.7507,0,1,0.0,0.0,0,0.0,nan,0,0.0,0.0,0,-0.00527128577232
1562208729.7612,0,1,0.0,0.0,0,0.0,nan,0,0.0,0.0,0,-0.00437721610069
1562208729.7705,0,1,0.0,0.0,0,0.0,nan,0,0.0,0.0,0,-0.00450760126114
1562208729.7810,0,1,0.0,0.0,0,0.0,nan,0,0.0,0.0,0,-0.0046007335186
1562208729.7903,0,1,0.0,0.0,0,0.0,nan,0,0.0,0.0,0,-0.00499188899994
1562208729.8007,0,1,0.0,0.0,0,0.0,nan,0,0.0,0.0,0,-0.00601634383202
1562208729.8111,0,1,0.0,0.0,0,0.0,nan,0,0.0,0.0,0,-0.00512227416039
1562208729.8205,0,1,0.0,0.0,0,0.0,nan,0,0.0,0.0,0,-0.0055693089962
1562208729.8309,0,1,0.0,0.0,0,0.0,nan,0,0.0,0.0,0,-0.00527128577232
1562208729.8403,0,1,0.0,0.0,0,0.0,nan,0,0.0,0.0,0,-0.00527128577232
1562208729.8506,0,1,0,0,1,0.0,nan,0,0.0,0.0,0,-0.00579282641411
1562208729.8575,1,1,0,43.0,1,0.0,nan,0,0.0,0.0,0,-0.00491738319397
1562208729.8675,1,1,0,43.0,1,0.0,nan,0,0.0,0.0,0,-0.00491738319397
1562208729.8775,1,1,0,43.0,1,0.0,nan,0,0.0,0.0,0,-0.00450760126114
1562208729.8875,1,1,0,43.0,1,0.0,nan,0,0.0,0.0,0,-0.00504776835442
1562208729.8975,1,1,0,43.0,1,0.0,nan,0,0.0,0.0,0,-0.00463798642159
1562208729.9075,1,1,0,43.0,1,0.0,nan,0,0.0,0.0,0,-0.00476837158203
1562208729.9175,1,1,0,43.0,1,0.0,nan,0,0.0,0.0,0,-0.00512227416039
1562208729.9275,1,1,0,43.0,1,0.0,nan,0,0.0,0.0,0,-0.00517815351486
1562208729.9375,1,1,0,43.0,1,0.0,nan,0,0.0,0.0,0,-0.00527128577232
1562208729.9475,1,1,0,43.0,1,0.0,nan,0,0.0,0.0,0,-0.00517815351486
1562208729.9575,1,1,0,43.0,1,0.0,nan,0,0.0,0.0,0,-0.00540167093277
1562208729.9675,1,1,0,43.0,1,0.0,nan,0,0.0,0.0,0,-0.00553205609322
1562208729.9777,1,1,0,43.0,1,0.0,nan,0,0.0,0.0,0,-0.00476837158203
1562208729.9789,0,1,0,43.0,1,0.0,nan,1,0.0,0.0,0,-0.00476837158203
1562208729.9793,0,1,0,43.0,1,0.0,nan,1,0.0,0.0,0,-0.00476837158203
1562208729.9876,1,1,0,43.0,1,0.0,nan,1,0.0,0.0,0,-0.00534579157829
1562208729.9896,0,1,0,43.0,1,0.0,nan,1,0.0,0.0,0,-0.00534579157829
1562208729.9975,1,1,0,43.0,1,0.0,nan,1,0.0,0.0,0,-0.00562518835068
1562208730.0000,0,1,0,43.0,1,0.0,nan,1,0.0,0.0,0,-0.00562518835068
1562208730.0075,1,1,0,43.0,1,0.0,nan,1,0.0,0.0,0,-0.00597909092903
1562208730.0094,0,1,0,43.0,1,0.0,nan,1,0.0,0.0,0,-0.00597909092903
1562208730.0175,1,1,0,43.0,1,0.0,nan,1,0.0,0.0,0,-0.00441446900368
1562208730.0198,0,1,0,43.0,1,0.0,nan,1,0.0,0.0,0,-0.00441446900368
1562208730.0275,1,1,0,43.0,1,0.0,nan,1,0.0,0.0,0,-0.00620260834694
1562208730.0301,0,1,0,43.0,1,0.0,nan,1,0.0,0.0,0,-0.00620260834694
1562208730.0375,1,1,0,43.0,1,0.0,nan,1,0.0,0.0,0,-0.00610947608948
1562208730.0395,0,1,0,43.0,1,0.0,nan,1,0.0,0.0,0,-0.00610947608948
1562208730.0476,1,1,0,43.0,1,0.0,nan,1,0.0,0.0,0,-0.00512227416039
1562208730.0498,0,1,0,43.0,1,0.0,nan,1,0.0,0.0,0,-0.00512227416039
1562208730.0575,1,1,0,43.0,1,0.0,nan,1,0.0,0.0,0,-0.00476837158203
1562208730.0593,0,1,0,43.0,1,0.0,nan,1,0.0,0.0,0,-0.00476837158203
1562208730.0675,1,1,0,43.0,1,0.0,nan,1,0.0,0.0,0,-0.00450760126114
1562208730.0696,0,1,0,43.0,1,0.0,nan,1,0.0,0.0,0,-0.00450760126114
1562208730.0777,1,1,0,43.0,1,0.0,nan,1,0.0,0.0,0,-0.00456348061562
1562208730.0800,0,1,0,43.0,1,0.0,nan,1,0.0,0.0,0,-0.00456348061562
1562208730.0875,1,1,0,43.0,1,0.0,nan,1,0.0,0.0,0,-0.00441446900368
1562208730.0894,0,1,0,43.0,1,0.0,nan,1,0.0,0.0,0,-0.00441446900368
1562208730.0975,1,1,0,43.0,1,0.0,nan,1,0.0,0.0,0,-0.00517815351486
1562208730.0999,0,1,0,43.0,1,0.0,nan,1,0.0,0.0,0,-0.00517815351486
1562208730.1075,1,1,0,43.0,1,0.0,nan,1,0.0,0.0,0,-0.00499188899994
1562208730.1092,0,1,0,43.0,1,0.0,nan,1,0.0,0.0,0,-0.00499188899994
1562208730.1175,1,1,0,43.0,1,0.0,nan,1,0.0,0.0,0,-0.00579282641411
1562208730.1195,0,1,0,43.0,1,0.0,nan,1,0.0,0.0,0,-0.00579282641411
1562208730.1275,1,1,0,43.0,1,0.0,nan,1,0.0,0.0,0,-0.00476837158203
1562208730.1299,0,1,0,43.0,1,0.0,nan,1,0.0,0.0,0,-0.00476837158203
1562208730.1377,1,1,0,43.0,1,0.0,nan,1,0.0,0.0,0,-0.00495463609695
1562208730.1394,0,1,0,43.0,1,0.0,nan,1,0.0,0.0,0,-0.00495463609695
1562208730.1476,1,1,0,43.0,1,0.0,nan,1,0.0,0.0,0,-0.00540167093277
1562208730.1497,0,1,0,43.0,1,0.0,nan,1,0.0,0.0,0,-0.00540167093277
1562208730.1575,1,1,0,43.0,1,0.0,nan,1,0.0,0.0,0,-0.00540167093277
1562208730.1601,0,1,0,43.0,1,0.0,nan,1,0.0,0.0,0,-0.00540167093277
1562208730.1676,1,1,0,43.0,1,0.0,nan,1,0.0,0.0,0,-0.00530853867531
1562208730.1695,0,1,0,43.0,1,0.0,nan,1,0.0,0.0,0,-0.00530853867531
1562208730.1775,1,1,0,43.0,1,0.0,nan,1,0.0,0.0,0,-0.0046007335186
1562208730.1799,0,1,0,43.0,1,0.0,nan,1,0.0,0.0,0,-0.0046007335186
1562208730.1875,1,1,0,43.0,1,0.0,nan,1,0.0,0.0,0,-0.00499188899994
1562208730.1893,0,1,0,43.0,1,0.0,nan,1,0.0,0.0,0,-0.00499188899994
1562208730.1976,1,1,0,43.0,1,0.0,nan,1,0.0,0.0,0,-0.00575557351112
1562208730.1996,0,1,0,43.0,1,0.0,nan,1,0.0,0.0,0,-0.00575557351112
1562208730.2075,1,1,0,43.0,1,0.0,nan,1,0.0,0.0,0,-0.00543892383575
1562208730.2100,0,1,0,43.0,1,0.0,nan,1,43.0,0.0,1,-0.00543892383575
1562208730.2175,1,1,0,43.0,1,0.0,nan,1,43.0,0.0,1,-0.00534579157829
1562208730.2193,0,1,0,43.0,1,0.0,nan,1,43.0,0.0,1,-0.00534579157829
1562208730.2276,1,1,0,43.0,1,0.0,nan,1,43.0,0.0,1,-0.00495463609695
1562208730.2298,0,1,0,43.0,1,0.0,nan,1,43.0,0.0,1,-0.00495463609695
1562208730.2375,1,1,0,43.0,1,0.0,nan,1,43.0,0.0,1,-0.00592321157455
1562208730.2391,0,1,0,43.0,1,0.0,nan,1,43.0,0.0,1,-0.00592321157455
1562208730.2475,1,1,0,43.0,1,0.0,nan,1,43.0,0.0,1,-0.00504776835442
1562208730.2494,0,1,0,43.0,1,0.0,nan,1,43.0,0.0,1,-0.00504776835442
1562208730.2575,1,1,0,43.0,1,0.0,nan,1,43.0,0.0,1,-0.00614672899246
1562208730.2597,0,1,0,43.0,1,0.0,nan,1,43.0,0.0,1,-0.00614672899246
1562208730.2675,1,1,0,43.0,1,0.0,nan,1,43.0,0.0,1,-0.00486150383949
1562208730.2691,0,1,0,43.0,1,0.0,nan,1,43.0,0.0,1,-0.00486150383949
1562208730.2776,1,1,0,43.0,1,0.0,nan,1,43.0,0.0,1,-0.00486150383949
1562208730.2826,0,1,0,43.0,1,0.0,nan,1,43.0,0.0,1,-0.00486150383949
1562208730.2875,1,1,0,43.0,1,0.0,nan,1,43.0,0.0,1,-0.00450760126114
1562208730.2899,0,1,0,43.0,1,0.0,nan,1,43.0,0.0,1,-0.00450760126114
1562208730.2975,1,1,0,43.0,1,0.0,nan,1,43.0,0.0,1,-0.00491738319397
1562208730.2993,0,1,0,43.0,1,0.0,nan,1,43.0,0.0,1,-0.00491738319397
1562208730.3075,1,1,0,43.0,1,0.0,nan,1,43.0,0.0,1,-0.00540167093277
1562208730.3096,0,1,0,43.0,1,0.0,nan,1,43.0,0.0,1,-0.00540167093277
1562208730.3176,1,1,0,43.0,1,0.0,nan,1,43.0,0.0,1,-0.0050850212574
1562208730.3198,0,1,0,43.0,1,0.0,nan,1,43.0,0.0,1,-0.0050850212574
1562208730.3276,1,1,0,43.0,1,0.0,nan,1,43.0,0.0,1,-0.00517815351486
1562208730.3304,0,1,0,43.0,1,0.0,nan,1,43.0,0.0,1,-0.00517815351486
1562208730.3375,1,1,0,43.0,1,0.0,nan,1,43.0,0.0,1,-0.00486150383949
1562208730.3401,0,1,0,43.0,1,0.0,nan,1,43.0,0.0,1,-0.00486150383949
1562208730.3475,1,1,0,43.0,1,0.0,nan,1,43.0,0.0,1,-0.00476837158203
1562208730.3495,0,1,0,43.0,1,0.0,nan,1,43.0,0.0,1,-0.00476837158203
1562208730.3581,1,1,0,43.0,1,0.0,nan,1,43.0,0.0,1,-0.00486150383949
1562208730.3601,0,1,0,43.0,1,0.0,nan,1,43.0,0.0,1,-0.00486150383949
1562208730.3675,1,1,0,43.0,1,0.0,nan,1,43.0,0.0,1,-0.00450760126114
1562208730.3697,0,1,0,43.0,1,0.0,nan,1,43.0,0.0,1,-0.00450760126114
1562208730.3783,1,1,0,43.0,1,0.0,nan,1,43.0,0.0,1,-0.00540167093277
1562208730.3808,0,1,0,43.0,1,0.0,nan,1,43.0,0.0,1,-0.00540167093277
1562208730.3875,1,1,0,43.0,1,0.0,nan,1,43.0,0.0,1,-0.00527128577232
1562208730.3891,0,1,0,43.0,1,0.0,nan,1,43.0,0.0,1,-0.00527128577232
1562208730.3975,1,1,0,43.0,1,0.0,nan,1,43.0,0.0,1,-0.0050850212574
1562208730.4024,0,1,0,43.0,1,0.0,nan,1,43.0,0.0,1,-0.0050850212574
1562208730.4075,1,1,0,43.0,1,0.0,nan,1,43.0,0.0,1,-0.00504776835442
1562208730.4097,0,1,0,43.0,1,0.0,nan,1,43.0,0.0,1,-0.00504776835442
1562208730.4175,1,1,0,43.0,1,0.0,nan,1,43.0,0.0,1,-0.00463798642159
1562208730.4200,0,1,0,43.0,1,0.0,nan,1,43.0,0.0,1,-0.00463798642159
1562208730.4275,1,1,0,43.0,1,0.0,nan,1,43.0,0.0,1,-0.00553205609322
1562208730.4294,0,1,0,43.0,1,0.0,nan,1,43.0,0.0,1,-0.00553205609322
1562208730.4375,1,1,0,43.0,1,0.0,nan,1,43.0,0.0,1,-0.00456348061562
1562208730.4399,0,1,0,43.0,1,0.0,nan,1,43.0,0.0,1,-0.00456348061562
1562208730.4475,1,1,0,43.0,1,0.0,nan,1,43.0,0.0,1,-0.00527128577232
1562208730.4493,0,1,0,43.0,1,0.0,nan,1,43.0,0.0,1,-0.00527128577232
1562208730.4575,1,1,0,43.0,1,0.0,nan,1,43.0,0.0,1,-0.00415369868279
1562208730.4596,0,1,0,43.0,1,0.0,nan,1,43.0,0.0,1,-0.00415369868279
1562208730.4676,1,1,0,43.0,1,0.0,nan,1,43.0,0.0,1,-0.00517815351486
1562208730.4700,0,1,0,43.0,1,0.0,nan,1,43.0,0.0,1,-0.00517815351486
1562208730.4779,1,1,0,43.0,1,0.0,nan,1,43.0,0.0,1,-0.00521540641785
1562208730.4794,0,1,0,43.0,1,0.0,nan,1,43.0,0.0,1,-0.00521540641785
1562208730.4876,1,1,0,43.0,1,0.0,nan,1,43.0,0.0,1,-0.00495463609695
1562208730.4899,0,1,0,43.0,1,0.0,nan,1,43.0,0.0,1,-0.00495463609695
1562208730.4976,1,1,0,43.0,1,0.0,nan,1,43.0,0.0,1,-0.00415369868279
1562208730.4994,0,1,0,43.0,1,0.0,nan,1,43.0,0.0,1,-0.00415369868279
1562208730.5076,1,1,0,43.0,1,0.0,nan,1,43.0,0.0,1,-0.0046007335186
1562208730.5098,0,1,0,43.0,1,0.0,nan,1,43.0,0.0,1,-0.0046007335186
1562208730.5176,1,1,0,43.0,1,0.0,nan,1,43.0,0.0,1,-0.00264495611191
1562208730.5193,0,1,0,43.0,1,0.0,nan,1,43.0,0.0,1,-0.00264495611191
1562208730.5276,1,1,0,43.0,1,0.0,nan,1,43.0,0.0,1,0.00106170773506
1562208730.5299,0,1,0,43.0,1,0.0,nan,1,43.0,0.0,1,0.00106170773506
1562208730.5378,1,1,0,43.0,1,0.0,nan,1,43.0,0.0,1,0.00353902578354
1562208730.5395,0,1,0,43.0,1,0.0,nan,1,43.0,0.0,1,0.00353902578354
1562208730.5477,1,1,0,43.0,1,0.0,nan,1,43.0,0.0,1,0.00676140189171
1562208730.5499,0,1,0,43.0,1,0.0,nan,1,43.0,0.0,1,0.00676140189171
1562208730.5576,1,1,0,43.0,1,0.0,nan,1,43.0,0.0,1,0.0578723847866
1562208730.5595,0,1,0,43.0,1,0.0,nan,1,43.0,0.0,1,0.0578723847866
1562208730.5676,1,1,0,43.0,1,0.0,nan,1,43.0,0.0,1,0.0478141009808
1562208730.5699,0,1,0,43.0,1,0.0,nan,1,43.0,0.0,1,0.0478141009808
1562208730.5778,1,1,0,43.0,1,0.0,nan,1,43.0,0.0,1,0.0486895442009
1562208730.5796,0,1,0,43.0,1,0.0,nan,1,43.0,0.0,1,0.0486895442009
1562208730.5876,1,1,0,43.0,1,0.0,nan,1,43.0,0.0,1,0.00663101673126
1562208730.5891,0,1,0,43.0,1,0.0,nan,1,43.0,0.0,1,0.00663101673126
1562208730.5976,1,1,0,43.0,1,0.0,nan,1,43.0,0.0,1,0.0505149364471
1562208730.5996,0,1,0,43.0,1,0.0,nan,1,43.0,0.0,1,0.0505149364471
1562208730.6076,1,1,0,43.0,1,0.0,nan,1,43.0,0.0,1,0.029020011425
1562208730.6100,0,1,0,43.0,1,0.0,nan,1,43.0,0.0,1,0.029020011425
1562208730.6176,1,1,0,43.0,1,0.0,nan,1,43.0,0.0,1,0.0414624810219
1562208730.6195,0,1,0,43.0,1,0.0,nan,1,43.0,0.0,1,0.0414624810219
1562208730.6276,1,1,0,43.0,1,0.0,nan,1,43.0,0.0,1,0.021755695343
1562208730.6299,0,1,0,43.0,1,0.0,nan,1,43.0,0.0,1,0.021755695343
1562208730.6384,1,1,0,43.0,1,0.0,nan,1,43.0,0.0,1,0.0420026481152
1562208730.6394,0,1,0,43.0,1,0.0,nan,1,43.0,0.0,1,0.0420026481152
1562208730.6478,1,1,0,43.0,1,0.0,nan,1,43.0,0.0,1,0.0485591590405
1562208730.6500,0,1,0,43.0,1,0.0,nan,1,43.0,0.0,1,0.0485591590405
1562208730.6576,1,1,0,43.0,1,0.0,nan,1,43.0,0.0,1,0.0595487654209
1562208730.6621,0,1,0,43.0,1,0.0,nan,1,43.0,0.0,1,0.0595487654209
1562208730.6677,1,1,0,43.0,1,0.0,nan,1,43.0,0.0,1,0.0586733222008
1562208730.6700,0,1,0,43.0,1,0.0,nan,1,43.0,0.0,1,0.0586733222008
1562208730.6776,1,1,0,43.0,1,0.0,nan,1,43.0,0.0,1,0.0599958002567
1562208730.6808,0,1,0,43.0,1,0.0,nan,1,43.0,0.0,1,0.0599958002567
1562208730.6876,1,1,0,43.0,1,0.0,nan,1,43.0,0.0,1,0.0613182783127
1562208730.6892,0,1,0,43.0,1,0.0,nan,1,43.0,0.0,1,0.0613182783127
1562208730.6976,1,1,0,43.0,1,0.0,nan,1,43.0,0.0,1,0.0625662505627
1562208730.6996,0,1,0,43.0,1,0.0,nan,1,43.0,0.0,1,0.0625662505627
1562208730.7075,1,1,0,43.0,1,0.0,nan,1,43.0,0.0,1,0.0686757266521
1562208730.7100,0,1,0,43.0,1,0.0,nan,1,43.0,0.0,1,0.0686757266521
1562208730.7175,1,1,0,43.0,1,0.0,nan,1,43.0,0.0,1,0.0647269189358
1562208730.7193,0,1,0,43.0,1,0.0,nan,1,43.0,0.0,1,0.0647269189358
1562208730.7275,1,1,0,43.0,1,0.0,nan,1,43.0,0.0,1,0.0818446278572
1562208730.7297,0,1,0,43.0,1,0.0,nan,1,43.0,0.0,1,0.0818446278572
1562208730.7375,1,1,0,43.0,1,0.0,nan,1,43.0,0.0,1,0.0888854265213
1562208730.7399,0,1,0,43.0,1,0.0,nan,1,43.0,0.0,1,0.0888854265213
1562208730.7475,1,1,0,43.0,1,0.0,nan,1,43.0,0.0,1,0.076349824667
1562208730.7493,0,1,0,43.0,1,0.0,nan,1,43.0,0.0,1,0.076349824667
1562208730.7575,1,1,0,43.0,1,0.0,nan,1,43.0,0.0,1,0.0711157917976
1562208730.7596,0,1,0,43.0,1,0.0,nan,1,43.0,0.0,1,0.0711157917976
1562208730.7675,1,1,0,43.0,1,0.0,nan,1,43.0,0.0,1,0.0802427530289
1562208730.7699,0,1,0,43.0,1,0.0,nan,1,43.0,0.0,1,0.0802427530289
1562208730.7776,1,1,0,43.0,1,0.0,nan,1,43.0,0.0,1,0.0989995896816
1562208730.7794,0,1,0,43.0,1,0.0,nan,1,43.0,0.0,1,0.0989995896816
1562208730.7876,1,1,0,43.0,1,0.0,nan,1,43.0,0.0,1,0.112690031528
1562208730.7901,0,1,0,43.0,1,0.0,nan,1,43.0,0.0,1,0.112690031528
1562208730.7984,1,1,0,43.0,1,0.0,nan,1,43.0,0.0,1,0.0999681651592
1562208730.7998,0,1,0,43.0,1,0.0,nan,1,43.0,0.0,1,0.0999681651592
1562208730.8076,1,1,0,43.0,1,0.0,nan,1,43.0,0.0,1,0.0891089439392
1562208730.8095,0,1,0,43.0,1,0.0,nan,1,43.0,0.0,1,0.0891089439392
1562208730.8177,1,1,0,43.0,1,0.0,nan,1,43.0,0.0,1,0.131614506245
1562208730.8199,0,1,0,43.0,1,0.0,nan,1,43.0,0.0,1,0.131614506245
1562208730.8277,1,1,0,43.0,1,0.0,nan,1,43.0,0.0,1,0.141002237797
1562208730.8295,0,1,0,43.0,1,0.0,nan,1,43.0,0.0,1,0.141002237797
1562208730.8376,1,1,0,43.0,1,0.0,nan,1,43.0,0.0,1,0.112466514111
1562208730.8399,0,1,0,43.0,1,0.0,nan,1,43.0,0.0,1,0.112466514111
1562208730.8476,1,1,0,43.0,1,0.0,nan,1,43.0,0.0,1,0.12518838048
1562208730.8493,0,1,0,43.0,1,0.0,nan,1,43.0,0.0,1,0.12518838048
1562208730.8576,1,1,0,43.0,1,0.0,nan,1,43.0,0.0,1,0.142604112625
1562208730.8599,0,1,0,43.0,1,0.0,nan,1,43.0,0.0,1,0.142604112625
1562208730.8676,1,1,0,43.0,1,0.0,nan,1,43.0,0.0,1,0.137370079756
1562208730.8693,0,1,0,43.0,1,0.0,nan,1,43.0,0.0,1,0.137370079756
1562208730.8776,1,1,0,43.0,1,0.0,nan,1,43.0,0.0,1,0.16737729311
1562208730.8798,0,1,0,43.0,1,0.0,nan,1,43.0,0.0,1,0.16737729311
1562208730.8877,1,1,0,43.0,1,0.0,nan,1,43.0,0.0,1,0.176150351763
1562208730.8895,0,1,0,43.0,1,0.0,nan,1,43.0,0.0,1,0.187307596207
1562208730.8976,1,1,0,43.0,1,0.0,nan,1,43.0,0.0,1,0.187307596207
1562208730.8998,0,1,0,43.0,1,0.0,nan,1,43.0,0.0,1,0.187307596207
1562208730.9077,1,1,0,43.0,1,0.0,nan,1,43.0,0.0,1,0.185314565897
1562208730.9093,0,1,0,43.0,1,0.0,nan,1,43.0,0.0,1,0.185314565897
1562208730.9175,1,1,0,43.0,1,0.0,nan,1,43.0,0.0,1,0.175312161446
1562208730.9198,0,1,0,43.0,1,0.0,nan,1,43.0,0.0,1,0.175312161446
1562208730.9276,1,1,0,43.0,1,0.0,nan,1,43.0,0.0,1,0.185016542673
1562208730.9292,0,1,0,43.0,1,0.0,nan,1,43.0,0.0,1,0.185016542673
1562208730.9375,1,1,0,43.0,1,0.0,nan,1,43.0,0.0,1,0.219084322453
1562208730.9396,0,1,0,43.0,1,0.0,nan,1,43.0,0.0,1,0.219084322453
1562208730.9475,1,1,0,43.0,1,0.0,nan,1,43.0,0.0,1,0.232867896557
1562208730.9499,0,1,0,43.0,1,0.0,nan,1,43.0,0.0,1,0.232867896557
1562208730.9574,1,1,0,43.0,1,0.0,nan,1,43.0,0.0,1,0.224225223064
1562208730.9591,0,1,0,43.0,1,0.0,nan,1,43.0,0.0,1,0.224225223064
1562208730.9675,1,1,0,43.0,1,0.0,nan,1,43.0,0.0,1,0.205654650927
1562208730.9693,0,1,0,43.0,1,0.0,nan,1,43.0,0.0,1,0.205654650927
1562208730.9775,1,1,0,43.0,1,0.0,nan,1,43.0,0.0,1,0.22329390049
1562208730.9796,0,1,0,43.0,1,0.0,nan,1,43.0,0.0,1,0.22329390049
1562208730.9875,1,1,0,43.0,1,0.0,nan,1,43.0,0.0,1,0.269394367933
1562208730.9898,0,1,0,43.0,1,0.0,nan,1,43.0,0.0,1,0.269394367933
1562208730.9975,1,1,0,43.0,1,0.0,nan,1,43.0,0.0,1,0.29880553484
1562208730.9991,0,1,0,43.0,1,0.0,nan,1,43.0,0.0,1,0.29880553484
1562208731.0075,1,1,0,43.0,1,0.0,nan,1,43.0,0.0,1,0.242628157139
1562208731.0094,0,1,0,43.0,1,0.0,nan,1,43.0,0.0,1,0.242628157139
1562208731.0176,1,1,0,43.0,1,0.0,nan,1,43.0,0.0,1,0.260341912508
1562208731.0198,0,1,0,43.0,1,0.0,nan,1,43.0,0.0,1,0.260341912508
1562208731.0275,1,1,0,43.0,1,0.0,nan,1,43.0,0.0,1,0.304654240608
1562208731.0301,0,1,0,43.0,1,0.0,nan,1,43.0,0.0,1,0.304654240608
1562208731.0376,1,1,0,43.0,1,0.0,nan,1,43.0,0.0,1,0.31303614378
1562208731.0394,0,1,0,43.0,1,0.019999999553,nan,1,43.0,0.0,1,0.31303614378
1562208731.0475,1,1,0,43.0,1,0.019999999553,nan,1,43.0,0.0,1,0.31653791666
1562208731.0496,0,1,0,43.0,1,0.019999999553,nan,1,43.0,0.0,1,0.31653791666
1562208731.0576,1,1,0,43.0,1,0.019999999553,nan,1,43.0,0.0,1,0.318791717291
1562208731.0600,0,1,0,43.0,1,0.019999999553,nan,1,43.0,0.0,1,0.318791717291
1562208731.0675,1,1,0,43.0,1,0.019999999553,nan,1,43.0,0.0,1,0.32939016819
1562208731.0692,0,1,0,43.0,1,0.019999999553,nan,1,43.0,0.0,1,0.32939016819
1562208731.0775,1,1,0,43.0,1,0.019999999553,nan,1,43.0,0.0,1,0.355187803507
1562208731.0795,0,1,0,43.0,1,0.019999999553,nan,1,43.0,0.0,1,0.355187803507
1562208731.0875,1,1,0,43.0,1,0.019999999553,nan,1,43.0,0.0,1,0.370517373085
1562208731.0897,0,1,0,43.0,1,0.019999999553,nan,1,43.0,0.0,1,0.370517373085
1562208731.0975,1,1,0,43.0,1,0.019999999553,nan,1,43.0,0.0,1,0.393521040678
1562208731.1000,0,1,0,43.0,1,0.019999999553,nan,1,43.0,0.0,1,0.393521040678
1562208731.1075,1,1,0,43.0,1,0.019999999553,nan,1,43.0,0.0,1,0.3906711936
1562208731.1093,0,1,0,43.0,1,0.019999999553,nan,1,43.0,0.0,1,0.3906711936
1562208731.1175,1,1,0,43.0,1,0.019999999553,nan,1,43.0,0.0,1,0.368617475033
1562208731.1196,0,1,0,43.0,1,0.019999999553,nan,1,43.0,0.0,1,0.368617475033
1562208731.1275,1,1,0,43.0,1,0.019999999553,nan,1,43.0,0.0,1,0.396613031626
1562208731.1299,0,1,0,43.0,1,0.019999999553,nan,1,43.0,0.0,1,0.396613031626
1562208731.1375,1,1,0,43.0,1,0.019999999553,nan,1,43.0,0.0,1,0.413805246353
1562208731.1391,0,1,0,43.0,1,0.0900000035763,nan,1,43.0,0.0,1,0.413805246353
1562208731.1475,1,1,0,43.0,1,0.0900000035763,nan,1,43.0,0.0,1,0.405926257372
1562208731.1495,0,1,0,43.0,1,0.0900000035763,nan,1,43.0,0.0,1,0.405926257372
1562208731.1576,1,1,0,43.0,1,0.0900000035763,nan,1,43.0,0.0,1,0.433977693319
1562208731.1597,0,1,0,43.0,1,0.0900000035763,nan,1,43.0,0.0,1,0.433977693319
1562208731.1675,1,1,0,43.0,1,0.0900000035763,nan,1,43.0,0.0,1,0.423025339842
1562208731.1700,0,1,0,43.0,1,0.0900000035763,nan,1,43.0,0.0,1,0.423025339842
1562208731.1775,1,1,0,43.0,1,0.0900000035763,nan,1,43.0,0.0,1,0.443998724222
1562208731.1794,0,1,0,43.0,1,0.0900000035763,nan,1,43.0,0.0,1,0.443998724222
1562208731.1874,1,1,0,43.0,1,0.0900000035763,nan,1,43.0,0.0,1,0.45370310545
1562208731.1896,0,1,0,43.0,1,0.0900000035763,nan,1,43.0,0.0,1,0.45370310545
1562208731.1974,1,1,0,43.0,1,0.0900000035763,nan,1,43.0,0.0,1,0.448506325483
1562208731.1999,0,1,0,43.0,1,0.0900000035763,nan,1,43.0,0.0,1,0.448506325483
1562208731.2074,1,1,0,43.0,1,0.0900000035763,nan,1,43.0,0.0,1,0.443812459707
1562208731.2093,0,1,0,43.0,1,0.0900000035763,nan,1,43.0,0.0,1,0.443812459707
1562208731.2176,1,1,0,43.0,1,0.0900000035763,nan,1,43.0,0.0,1,0.468362122774
1562208731.2196,0,1,0,43.0,1,0.0900000035763,nan,1,43.0,0.0,1,0.468362122774
1562208731.2275,1,1,0,43.0,1,0.0900000035763,nan,1,43.0,0.0,1,0.457148998976
1562208731.2298,0,1,0,43.0,1,0.0900000035763,nan,1,43.0,0.0,1,0.457148998976
1562208731.2375,1,1,0,43.0,1,0.0900000035763,nan,1,43.0,0.0,1,0.457111746073
1562208731.2390,0,1,0,43.0,1,0.230000004172,nan,1,43.0,0.0,1,0.457111746073
1562208731.2475,1,1,0,43.0,1,0.230000004172,nan,1,43.0,0.0,1,0.46145170927
1562208731.2493,0,1,0,43.0,1,0.230000004172,nan,1,43.0,0.0,1,0.46145170927
1562208731.2575,1,1,0,43.0,1,0.230000004172,nan,1,43.0,0.0,1,0.460129231215
1562208731.2596,0,1,0,43.0,1,0.230000004172,nan,1,43.0,0.0,1,0.460129231215
1562208731.2675,1,1,0,43.0,1,0.230000004172,nan,1,43.0,0.0,1,0.453293323517
1562208731.2699,0,1,0,43.0,1,0.230000004172,nan,1,43.0,0.0,1,0.453293323517
1562208731.2774,1,1,0,43.0,1,0.230000004172,nan,1,43.0,0.0,1,0.450816005468
1562208731.2792,0,1,0,43.0,1,0.230000004172,nan,1,43.0,0.0,1,0.450816005468
1562208731.2875,1,1,0,43.0,1,0.230000004172,nan,1,43.0,0.0,1,0.454932451248
1562208731.2895,0,1,0,43.0,1,0.230000004172,nan,1,43.0,0.0,1,0.454932451248
1562208731.2975,1,1,0,43.0,1,0.230000004172,nan,1,43.0,0.0,1,0.444352626801
1562208731.2998,0,1,0,43.0,1,0.230000004172,nan,1,43.0,0.0,1,0.444352626801
1562208731.3075,1,1,0,43.0,1,0.230000004172,nan,1,43.0,0.0,1,0.46331435442
1562208731.3093,0,1,0,43.0,1,0.230000004172,nan,1,43.0,0.0,1,0.46331435442
1562208731.3175,1,1,0,43.0,1,0.230000004172,nan,1,43.0,0.0,1,0.451300293207
1562208731.3196,0,1,0,43.0,1,0.230000004172,nan,1,43.0,0.0,1,0.451300293207
1562208731.3274,1,1,0,43.0,1,0.230000004172,nan,1,43.0,0.0,1,0.456627458334
1562208731.3298,0,1,0,43.0,1,0.230000004172,nan,1,43.0,0.0,1,0.456627458334
1562208731.3375,1,1,0,43.0,1,0.230000004172,nan,1,43.0,0.0,1,0.457689166069
1562208731.3392,0,1,0,43.0,1,0.419999986887,nan,1,43.0,0.0,1,0.457689166069
1562208731.3474,1,1,0,43.0,1,0.419999986887,nan,1,43.0,0.0,1,0.472888350487
1562208731.3497,0,1,0,43.0,1,0.419999986887,nan,1,43.0,0.0,1,0.472888350487
1562208731.3574,1,1,0,43.0,1,0.419999986887,nan,1,43.0,0.0,1,0.458303838968
1562208731.3600,0,1,0,43.0,1,0.419999986887,nan,1,43.0,0.0,1,0.458303838968
1562208731.3678,1,1,0,43.0,1,0.419999986887,nan,1,43.0,0.0,1,0.454634428024
1562208731.3693,0,1,0,43.0,1,0.419999986887,nan,1,43.0,0.0,1,0.454634428024
1562208731.3774,1,1,0,43.0,1,0.419999986887,nan,1,43.0,0.0,1,0.458303838968
1562208731.3795,0,1,0,43.0,1,0.419999986887,nan,1,43.0,0.0,1,0.458303838968
1562208731.3874,1,1,0,43.0,1,0.419999986887,nan,1,43.0,0.0,1,0.454280525446
1562208731.3898,0,1,0,43.0,1,0.419999986887,nan,1,43.0,0.0,1,0.454280525446
1562208731.3974,1,1,0,43.0,1,0.419999986887,nan,1,43.0,0.0,1,0.473503023386
1562208731.4000,0,1,0,43.0,1,0.419999986887,nan,1,43.0,0.0,1,0.473503023386
1562208731.4075,1,1,0,43.0,1,0.419999986887,nan,1,43.0,0.0,1,0.467523932457
1562208731.4097,0,1,0,43.0,1,0.419999986887,nan,1,43.0,0.0,1,0.467523932457
1562208731.4175,1,1,0,43.0,1,0.419999986887,nan,1,43.0,0.0,1,0.475328415632
1562208731.4199,0,1,0,43.0,1,0.419999986887,nan,1,43.0,0.0,1,0.475328415632
1562208731.4275,1,1,0,43.0,1,0.419999986887,nan,1,43.0,0.0,1,0.466592609882
1562208731.4293,0,1,0,43.0,1,0.419999986887,nan,1,43.0,0.0,1,0.466592609882
1562208731.4376,1,1,0,43.0,1,0.419999986887,nan,1,43.0,0.0,1,0.484623014927
1562208731.4399,0,1,0,43.0,1,0.649999976158,nan,1,43.0,0.0,1,0.484623014927
1562208731.4476,1,1,0,43.0,1,0.649999976158,nan,1,43.0,0.0,1,0.486969947815
1562208731.4494,0,1,0,43.0,1,0.649999976158,nan,1,43.0,0.0,1,0.486969947815
1562208731.4576,1,1,0,43.0,1,0.649999976158,nan,1,43.0,0.0,1,0.477451831102
1562208731.4599,0,1,0,43.0,1,0.649999976158,nan,1,43.0,0.0,1,0.477451831102
1562208731.4676,1,1,0,43.0,1,0.649999976158,nan,1,43.0,0.0,1,0.471994280815
1562208731.4694,0,1,0,43.0,1,0.649999976158,nan,1,43.0,0.0,1,0.471994280815
1562208731.4776,1,1,0,43.0,1,0.649999976158,nan,1,43.0,0.0,1,0.478830188513
1562208731.4798,0,1,0,43.0,1,0.649999976158,nan,1,43.0,0.0,1,0.478830188513
1562208731.4876,1,1,0,43.0,1,0.649999976158,nan,1,43.0,0.0,1,0.475104898214
1562208731.4894,0,1,0,43.0,1,0.649999976158,nan,1,43.0,0.0,1,0.475104898214
1562208731.4976,1,1,0,43.0,1,0.649999976158,nan,1,43.0,0.0,1,0.479482114315
1562208731.4998,0,1,0,43.0,1,0.649999976158,nan,1,43.0,0.0,1,0.479482114315
1562208731.5076,1,1,0,43.0,1,0.649999976158,nan,1,43.0,0.0,1,0.463798642159
1562208731.5093,0,1,0,43.0,1,0.649999976158,nan,1,43.0,0.0,1,0.463798642159
1562208731.5176,1,1,0,43.0,1,0.649999976158,nan,1,43.0,0.0,1,0.460911542177
1562208731.5198,0,1,0,43.0,1,0.649999976158,nan,1,43.0,0.0,1,0.460911542177
1562208731.5276,1,1,0,43.0,1,0.649999976158,nan,1,43.0,0.0,1,0.46219676733
1562208731.5292,0,1,0,43.0,1,0.649999976158,nan,1,43.0,0.0,1,0.46219676733
1562208731.5376,1,1,0,43.0,1,0.649999976158,nan,1,43.0,0.0,1,0.47767534852
1562208731.5397,0,1,0,43.0,1,0.939999997616,nan,1,43.0,0.0,1,0.47767534852
1562208731.5476,1,1,0,43.0,1,0.939999997616,nan,1,43.0,0.0,1,0.445004552603
1562208731.5493,0,1,0,43.0,1,0.939999997616,nan,1,43.0,0.0,1,0.445004552603
1562208731.5576,1,1,0,43.0,1,0.939999997616,nan,1,43.0,0.0,1,0.452864915133
1562208731.5599,0,1,0,43.0,1,0.939999997616,nan,1,43.0,0.0,1,0.452864915133
1562208731.5677,1,1,0,43.0,1,0.939999997616,nan,1,43.0,0.0,1,0.451300293207
1562208731.5694,0,1,0,43.0,1,0.939999997616,nan,1,43.0,0.0,1,0.451300293207
1562208731.5775,1,1,0,43.0,1,0.939999997616,nan,1,43.0,0.0,1,0.436715781689
1562208731.5799,0,1,0,43.0,1,0.939999997616,nan,1,43.0,0.0,1,0.436715781689
1562208731.5876,1,1,0,43.0,1,0.939999997616,nan,1,43.0,0.0,1,0.435225665569
1562208731.5893,0,1,0,43.0,1,0.939999997616,nan,1,43.0,0.0,1,0.435225665569
1562208731.5976,1,1,0,43.0,1,0.939999997616,nan,1,43.0,0.0,1,0.449139624834
1562208731.5997,0,1,0,43.0,1,0.939999997616,nan,1,43.0,0.0,1,0.449139624834
1562208731.6077,1,1,0,43.0,1,0.939999997616,nan,1,43.0,0.0,1,0.430699437857
1562208731.6091,0,1,0,43.0,1,0.939999997616,nan,1,43.0,0.0,1,0.430699437857
1562208731.6176,1,1,0,43.0,1,0.939999997616,nan,1,43.0,0.0,1,0.42874366045
1562208731.6196,0,1,0,43.0,1,0.939999997616,nan,1,43.0,0.0,1,0.42874366045
1562208731.6276,1,1,0,43.0,1,0.939999997616,nan,1,43.0,0.0,1,0.422224402428
1562208731.6301,0,1,0,43.0,1,0.939999997616,nan,1,43.0,0.0,1,0.422224402428
1562208731.6376,1,1,0,43.0,1,0.939999997616,nan,1,43.0,0.0,1,0.420771539211
1562208731.6395,0,1,0,43.0,1,1.28999996185,nan,1,43.0,0.0,1,0.420771539211
1562208731.6476,1,1,0,43.0,1,1.28999996185,nan,1,43.0,0.0,1,0.408459454775
1562208731.6491,0,1,0,43.0,1,1.28999996185,nan,1,43.0,0.0,1,0.408459454775
1562208731.6576,1,1,0,43.0,1,1.28999996185,nan,1,43.0,0.0,1,0.424757599831
1562208731.6596,0,1,0,43.0,1,1.28999996185,nan,1,43.0,0.0,1,0.424757599831
1562208731.6676,1,1,0,43.0,1,1.28999996185,nan,1,43.0,0.0,1,0.406187027693
1562208731.6700,0,1,0,43.0,1,1.28999996185,nan,1,43.0,0.0,1,0.406187027693
1562208731.6776,1,1,0,43.0,1,1.28999996185,nan,1,43.0,0.0,1,0.39866194129
1562208731.6797,0,1,0,43.0,1,1.28999996185,nan,1,43.0,0.0,1,0.39866194129
1562208731.6876,1,1,0,43.0,1,1.28999996185,nan,1,43.0,0.0,1,0.399816781282
1562208731.6901,0,1,0,43.0,1,1.28999996185,nan,1,43.0,0.0,1,0.399816781282
1562208731.6976,1,1,0,43.0,1,1.28999996185,nan,1,43.0,0.0,1,0.369492918253
1562208731.6996,0,1,0,43.0,1,1.28999996185,nan,1,43.0,0.0,1,0.369492918253
1562208731.7078,1,1,0,43.0,1,1.28999996185,nan,1,43.0,0.0,1,0.36733224988
1562208731.7100,0,1,0,43.0,1,1.28999996185,nan,1,43.0,0.0,1,0.36733224988
1562208731.7176,1,1,0,43.0,1,1.28999996185,nan,1,43.0,0.0,1,0.355448573828
1562208731.7195,0,1,0,43.0,1,1.28999996185,nan,1,43.0,0.0,1,0.355448573828
1562208731.7276,1,1,0,43.0,1,1.28999996185,nan,1,43.0,0.0,1,0.341441482306
1562208731.7301,0,1,0,43.0,1,1.28999996185,nan,1,43.0,0.0,1,0.341441482306
1562208731.7377,1,1,0,43.0,1,1.28999996185,nan,1,43.0,0.0,1,0.351332128048
1562208731.7396,0,1,0,43.0,1,1.64999997616,nan,1,43.0,0.0,1,0.351332128048
1562208731.7479,1,1,0,43.0,1,1.64999997616,nan,1,43.0,0.0,1,0.367984175682
1562208731.7493,0,1,0,43.0,1,1.64999997616,nan,1,43.0,0.0,1,0.367984175682
1562208731.7576,1,1,0,43.0,1,1.64999997616,nan,1,43.0,0.0,1,0.368300825357
1562208731.7597,0,1,0,43.0,1,1.64999997616,nan,1,43.0,0.0,1,0.368300825357
1562208731.7676,1,1,0,43.0,1,1.64999997616,nan,1,43.0,0.0,1,0.35647302866
1562208731.7691,0,1,0,43.0,1,1.64999997616,nan,1,43.0,0.0,1,0.35647302866
1562208731.7776,1,1,0,43.0,1,1.64999997616,nan,1,43.0,0.0,1,0.350214540958
1562208731.7796,0,1,0,43.0,1,1.64999997616,nan,1,43.0,0.0,1,0.350214540958
1562208731.7875,1,1,0,43.0,1,1.64999997616,nan,1,43.0,0.0,1,0.355839729309
1562208731.7900,0,1,0,43.0,1,1.64999997616,nan,1,43.0,0.0,1,0.355839729309
1562208731.7975,1,1,0,43.0,1,1.64999997616,nan,1,43.0,0.0,1,0.35110861063
1562208731.7993,0,1,0,43.0,1,1.64999997616,nan,1,43.0,0.0,1,0.35110861063
1562208731.8077,1,1,0,43.0,1,1.64999997616,nan,1,43.0,0.0,1,0.342633575201
1562208731.8096,0,1,0,43.0,1,1.64999997616,nan,1,43.0,0.0,1,0.342633575201
1562208731.8175,1,1,0,43.0,1,1.64999997616,nan,1,43.0,0.0,1,0.350177288055
1562208731.8200,0,1,0,43.0,1,1.64999997616,nan,1,43.0,0.0,1,0.350177288055
1562208731.8275,1,1,0,43.0,1,1.64999997616,nan,1,43.0,0.0,1,0.344906002283
1562208731.8295,0,1,0,43.0,1,1.64999997616,nan,1,43.0,0.0,1,0.344906002283
1562208731.8375,1,1,0,43.0,1,1.64999997616,nan,1,43.0,0.0,1,0.335723161697
1562208731.8400,0,1,0,43.0,1,2.01999998093,nan,1,43.0,0.0,1,0.335723161697
1562208731.8476,1,1,0,43.0,1,2.01999998093,nan,1,43.0,0.0,1,0.335201621056
1562208731.8494,0,1,0,43.0,1,2.01999998093,nan,1,43.0,0.0,1,0.335201621056
1562208731.8575,1,1,0,43.0,1,2.01999998093,nan,1,43.0,0.0,1,0.34436583519
1562208731.8599,0,1,0,43.0,1,2.01999998093,nan,1,43.0,0.0,1,0.34436583519
1562208731.8676,1,1,0,43.0,1,2.01999998093,nan,1,43.0,0.0,1,0.348575413227
1562208731.8694,0,1,0,43.0,1,2.01999998093,nan,1,43.0,0.0,1,0.348575413227
1562208731.8776,1,1,0,43.0,1,2.01999998093,nan,1,43.0,0.0,1,0.345204025507
1562208731.8798,0,1,0,43.0,1,2.01999998093,nan,1,43.0,0.0,1,0.345204025507
1562208731.8877,1,1,0,43.0,1,2.01999998093,nan,1,43.0,0.0,1,0.33613294363
1562208731.8893,0,1,0,43.0,1,2.01999998093,nan,1,43.0,0.0,1,0.33613294363
1562208731.8976,1,1,0,43.0,1,2.01999998093,nan,1,43.0,0.0,1,0.3382563591
1562208731.8999,0,1,0,43.0,1,2.01999998093,nan,1,43.0,0.0,1,0.3382563591
1562208731.9076,1,1,0,43.0,1,2.01999998093,nan,1,43.0,0.0,1,0.337995588779
1562208731.9093,0,1,0,43.0,1,2.01999998093,nan,1,43.0,0.0,1,0.337995588779
1562208731.9176,1,1,0,43.0,1,2.01999998093,nan,1,43.0,0.0,1,0.340826809406
1562208731.9198,0,1,0,43.0,1,2.01999998093,nan,1,43.0,0.0,1,0.340826809406
1562208731.9276,1,1,0,43.0,1,2.01999998093,nan,1,43.0,0.0,1,0.314060598612
1562208731.9293,0,1,0,43.0,1,2.01999998093,nan,1,43.0,0.0,1,0.314060598612
1562208731.9376,1,1,0,43.0,1,2.01999998093,nan,1,43.0,0.0,1,0.320933759212
1562208731.9398,0,1,0,43.0,1,2.38000011444,nan,1,43.0,0.0,1,0.320933759212
1562208731.9477,1,1,0,43.0,1,2.38000011444,nan,1,43.0,0.0,1,0.304263085127
1562208731.9493,0,1,0,43.0,1,2.38000011444,nan,1,43.0,0.0,1,0.304263085127
1562208731.9576,1,1,0,43.0,1,2.38000011444,nan,1,43.0,0.0,1,0.297483056784
1562208731.9598,0,1,0,43.0,1,2.38000011444,nan,1,43.0,0.0,1,0.297483056784
1562208731.9676,1,1,0,43.0,1,2.38000011444,nan,1,43.0,0.0,1,0.298321247101
1562208731.9692,0,1,0,43.0,1,2.38000011444,nan,1,43.0,0.0,1,0.298321247101
1562208731.9776,1,1,0,43.0,1,2.38000011444,nan,1,43.0,0.0,1,0.302623957396
1562208731.9797,0,1,0,43.0,1,2.38000011444,nan,1,43.0,0.0,1,0.302623957396
1562208731.9877,1,1,0,43.0,1,2.38000011444,nan,1,43.0,0.0,1,0.282153487206
1562208731.9891,0,1,0,43.0,1,2.38000011444,nan,1,43.0,0.0,1,0.282153487206
1562208731.9976,1,1,0,43.0,1,2.38000011444,nan,1,43.0,0.0,1,0.325366854668
1562208731.9995,0,1,0,43.0,1,2.38000011444,nan,1,43.0,0.0,1,0.325366854668
1562208732.0076,1,1,0,43.0,1,2.38000011444,nan,1,43.0,0.0,1,0.320617109537
1562208732.0099,0,1,0,43.0,1,2.38000011444,nan,1,43.0,0.0,1,0.320617109537
1562208732.0176,1,1,0,43.0,1,2.38000011444,nan,1,43.0,0.0,1,0.313799828291
1562208732.0194,0,1,0,43.0,1,2.38000011444,nan,1,43.0,0.0,1,0.313799828291
1562208732.0276,1,1,0,43.0,1,2.38000011444,nan,1,43.0,0.0,1,0.320430845022
1562208732.0299,0,1,0,43.0,1,2.38000011444,nan,1,43.0,0.0,1,0.320430845022
1562208732.0376,1,1,0,43.0,1,2.38000011444,nan,1,43.0,0.0,1,0.310204923153
1562208732.0393,0,1,0,43.0,1,2.73000001907,nan,1,43.0,0.0,1,0.310204923153
1562208732.0476,1,1,0,43.0,1,2.73000001907,nan,1,43.0,0.0,1,0.321324914694
1562208732.0498,0,1,0,43.0,1,2.73000001907,nan,1,43.0,0.0,1,0.321324914694
1562208732.0576,1,1,0,43.0,1,2.73000001907,nan,1,43.0,0.0,1,0.313837081194
1562208732.0592,0,1,0,43.0,1,2.73000001907,nan,1,43.0,0.0,1,0.313837081194
1562208732.0676,1,1,0,43.0,1,2.73000001907,nan,1,43.0,0.0,1,0.315029174089
1562208732.0696,0,1,0,43.0,1,2.73000001907,nan,1,43.0,0.0,1,0.315029174089
1562208732.0776,1,1,0,43.0,1,2.73000001907,nan,1,43.0,0.0,1,0.309720635414
1562208732.0800,0,1,0,43.0,1,2.73000001907,nan,1,43.0,0.0,1,0.309720635414
1562208732.0876,1,1,0,43.0,1,2.73000001907,nan,1,43.0,0.0,1,0.309087336063
1562208732.0895,0,1,0,43.0,1,2.73000001907,nan,1,43.0,0.0,1,0.309087336063
1562208732.0976,1,1,0,43.0,1,2.73000001907,nan,1,43.0,0.0,1,0.299606472254
1562208732.1000,0,1,0,43.0,1,2.73000001907,nan,1,43.0,0.0,1,0.299606472254
1562208732.1076,1,1,0,43.0,1,2.73000001907,nan,1,43.0,0.0,1,0.283736735582
1562208732.1094,0,1,0,43.0,1,2.73000001907,nan,1,43.0,0.0,1,0.283736735582
1562208732.1177,1,1,0,43.0,1,2.73000001907,nan,1,43.0,0.0,1,0.290833413601
1562208732.1198,0,1,0,43.0,1,2.73000001907,nan,1,43.0,0.0,1,0.290833413601
1562208732.1276,1,1,0,43.0,1,2.73000001907,nan,1,43.0,0.0,1,0.279229134321
1562208732.1293,0,1,0,43.0,1,2.73000001907,nan,1,43.0,0.0,1,0.279229134321
1562208732.1376,1,1,0,43.0,1,2.73000001907,nan,1,43.0,0.0,1,0.261850655079
1562208732.1397,0,1,0,43.0,1,3.04999995232,nan,1,43.0,0.0,1,0.261850655079
1562208732.1477,1,1,0,43.0,1,3.04999995232,nan,1,43.0,0.0,1,0.266600400209
1562208732.1491,0,1,0,43.0,1,3.04999995232,nan,1,43.0,0.0,1,0.266600400209
1562208732.1576,1,1,0,43.0,1,3.04999995232,nan,1,43.0,0.0,1,0.238418579102
1562208732.1596,0,1,0,43.0,1,3.04999995232,nan,1,43.0,0.0,1,0.238418579102
1562208732.1675,1,1,0,43.0,1,3.04999995232,nan,1,43.0,0.0,1,0.233761966228
1562208732.1691,0,1,0,43.0,1,3.04999995232,nan,1,43.0,0.0,1,0.233761966228
1562208732.1775,1,1,0,43.0,1,3.04999995232,nan,1,43.0,0.0,1,0.237133353949
1562208732.1796,0,1,0,43.0,1,3.04999995232,nan,1,43.0,0.0,1,0.237133353949
1562208732.1877,1,1,0,43.0,1,3.04999995232,nan,1,43.0,0.0,1,0.225156545639
1562208732.1900,0,1,0,43.0,1,3.04999995232,nan,1,43.0,0.0,1,0.225156545639
1562208732.1976,1,1,0,43.0,1,3.04999995232,nan,1,43.0,0.0,1,0.233314931393
1562208732.1994,0,1,0,43.0,1,3.04999995232,nan,1,43.0,0.0,1,0.233314931393
1562208732.2076,1,1,0,43.0,1,3.04999995232,nan,1,43.0,0.0,1,0.264421105385
1562208732.2099,0,1,0,43.0,1,3.04999995232,nan,1,43.0,0.0,1,0.264421105385
1562208732.2176,1,1,0,43.0,1,3.04999995232,nan,1,43.0,0.0,1,0.241249799728
1562208732.2194,0,1,0,43.0,1,3.04999995232,nan,1,43.0,0.0,1,0.241249799728
1562208732.2276,1,1,0,43.0,1,3.04999995232,nan,1,43.0,0.0,1,0.2695992589
1562208732.2298,0,1,0,43.0,1,3.04999995232,nan,1,43.0,0.0,1,0.2695992589
1562208732.2376,1,1,0,43.0,1,3.04999995232,nan,1,43.0,0.0,1,0.275373458862
1562208732.2393,0,1,0,43.0,1,3.33999991417,nan,1,43.0,0.0,1,0.275373458862
1562208732.2476,1,1,0,43.0,1,3.33999991417,nan,1,43.0,0.0,1,0.289063900709
1562208732.2497,0,1,0,43.0,1,3.33999991417,nan,1,43.0,0.0,1,0.289063900709
1562208732.2576,1,1,0,43.0,1,3.33999991417,nan,1,43.0,0.0,1,0.279098749161
1562208732.2601,0,1,0,43.0,1,3.33999991417,nan,1,43.0,0.0,1,0.279098749161
1562208732.2676,1,1,0,43.0,1,3.33999991417,nan,1,43.0,0.0,1,0.291671603918
1562208732.2696,0,1,0,43.0,1,3.33999991417,nan,1,43.0,0.0,1,0.291671603918
1562208732.2776,1,1,0,43.0,1,3.33999991417,nan,1,43.0,0.0,1,0.27833506465
1562208732.2800,0,1,0,43.0,1,3.33999991417,nan,1,43.0,0.0,1,0.27833506465
1562208732.2882,1,1,0,43.0,1,3.33999991417,nan,1,43.0,0.0,1,0.290963798761
1562208732.2895,0,1,0,43.0,1,3.33999991417,nan,1,43.0,0.0,1,0.290963798761
1562208732.2977,1,1,0,43.0,1,3.33999991417,nan,1,43.0,0.0,1,0.290963798761
1562208732.2999,0,1,0,43.0,1,3.33999991417,nan,1,43.0,0.0,1,0.286716967821
1562208732.3075,1,1,0,43.0,1,3.33999991417,nan,1,43.0,0.0,1,0.298097729683
1562208732.3094,0,1,0,43.0,1,3.33999991417,nan,1,43.0,0.0,1,0.298097729683
1562208732.3176,1,1,0,43.0,1,3.33999991417,nan,1,43.0,0.0,1,0.305585563183
1562208732.3198,0,1,0,43.0,1,3.33999991417,nan,1,43.0,0.0,1,0.305585563183
1562208732.3275,1,1,0,43.0,1,3.33999991417,nan,1,43.0,0.0,1,0.286661088467
1562208732.3294,0,1,0,43.0,1,3.33999991417,nan,1,43.0,0.0,1,0.286661088467
1562208732.3376,1,1,0,43.0,1,3.33999991417,nan,1,43.0,0.0,1,0.286661088467
1562208732.3394,0,1,0,43.0,1,3.61999988556,nan,1,43.0,0.0,1,0.286661088467
1562208732.3483,1,1,0,43.0,1,3.61999988556,nan,1,43.0,0.0,1,0.277664512396
1562208732.3511,0,1,0,43.0,1,3.61999988556,nan,1,43.0,0.0,1,0.277664512396
1562208732.3576,1,1,0,43.0,1,3.61999988556,nan,1,43.0,0.0,1,0.255778431892
1562208732.3595,0,1,0,43.0,1,3.61999988556,nan,1,43.0,0.0,1,0.255778431892
1562208732.3693,1,1,0,43.0,1,3.61999988556,nan,1,43.0,0.0,1,0.234246253967
1562208732.3702,0,1,0,43.0,1,3.61999988556,nan,1,43.0,0.0,1,0.234246253967
1562208732.3797,0,1,0,43.0,1,3.61999988556,nan,1,43.0,0.0,1,0.233538448811
1562208732.3786,1,1,0,43.0,1,3.61999988556,nan,1,43.0,0.0,1,0.233538448811
1562208732.3891,0,1,0,43.0,1,3.61999988556,nan,1,43.0,0.0,1,0.227596610785
1562208732.3876,1,1,0,43.0,1,3.61999988556,nan,1,43.0,0.0,1,0.227596610785
1562208732.3976,1,1,0,43.0,1,3.61999988556,nan,1,43.0,0.0,1,0.235475599766
1562208732.4011,0,1,0,43.0,1,3.61999988556,nan,1,43.0,0.0,1,0.235475599766
1562208732.4079,1,1,0,43.0,1,3.61999988556,nan,1,43.0,0.0,1,0.232122838497
1562208732.4096,0,1,0,43.0,1,3.61999988556,nan,1,43.0,0.0,1,0.232122838497
1562208732.4176,1,1,0,43.0,1,3.61999988556,nan,1,43.0,0.0,1,0.232197344303
1562208732.4200,0,1,0,43.0,1,3.61999988556,nan,1,43.0,0.0,1,0.232197344303
1562208732.4275,1,1,0,43.0,1,3.61999988556,nan,1,43.0,0.0,1,0.273417681456
1562208732.4294,0,1,0,43.0,1,3.61999988556,nan,1,43.0,0.0,1,0.273417681456
1562208732.4375,1,1,0,43.0,1,3.61999988556,nan,1,43.0,0.0,1,0.240486115217
1562208732.4399,0,1,0,43.0,1,3.88000011444,nan,1,43.0,0.0,1,0.240486115217
1562208732.4475,1,1,0,43.0,1,3.88000011444,nan,1,43.0,0.0,1,0.260975211859
1562208732.4494,0,1,0,43.0,1,3.88000011444,nan,1,43.0,0.0,1,0.260975211859
1562208732.4575,1,1,0,43.0,1,3.88000011444,nan,1,43.0,0.0,1,0.262334942818
1562208732.4597,0,1,0,43.0,1,3.88000011444,nan,1,43.0,0.0,1,0.262334942818
1562208732.4675,1,1,0,43.0,1,3.88000011444,nan,1,43.0,0.0,1,0.275112688541
1562208732.4690,0,1,0,43.0,1,3.88000011444,nan,1,43.0,0.0,1,0.275112688541
1562208732.4775,1,1,0,43.0,1,3.88000011444,nan,1,43.0,0.0,1,0.228304415941
1562208732.4794,0,1,0,43.0,1,3.88000011444,nan,1,43.0,0.0,1,0.228304415941
1562208732.4875,1,1,0,43.0,1,3.88000011444,nan,1,43.0,0.0,1,0.259596854448
1562208732.4897,0,1,0,43.0,1,3.88000011444,nan,1,43.0,0.0,1,0.259596854448
1562208732.4975,1,1,0,43.0,1,3.88000011444,nan,1,43.0,0.0,1,0.258572399616
1562208732.4990,0,1,0,43.0,1,3.88000011444,nan,1,43.0,0.0,1,0.258572399616
1562208732.5075,1,1,0,43.0,1,3.88000011444,nan,1,43.0,0.0,1,0.255908817053
1562208732.5094,0,1,0,43.0,1,3.88000011444,nan,1,43.0,0.0,1,0.255908817053
1562208732.5176,1,1,0,43.0,1,3.88000011444,nan,1,43.0,0.0,1,0.24925917387
1562208732.5197,0,1,0,43.0,1,3.88000011444,nan,1,43.0,0.0,1,0.24925917387
1562208732.5275,1,1,0,43.0,1,3.88000011444,nan,1,43.0,0.0,1,0.23415312171
1562208732.5292,0,1,0,43.0,1,3.88000011444,nan,1,43.0,0.0,1,0.23415312171
1562208732.5375,1,1,0,43.0,1,3.88000011444,nan,1,43.0,0.0,1,0.214781612158
1562208732.5396,0,1,0,43.0,1,4.11999988556,nan,1,43.0,0.0,1,0.214781612158
1562208732.5477,1,1,0,43.0,1,4.11999988556,nan,1,43.0,0.0,1,0.239294022322
1562208732.5500,0,1,0,43.0,1,4.11999988556,nan,1,43.0,0.0,1,0.239294022322
1562208732.5575,1,1,0,43.0,1,4.11999988556,nan,1,43.0,0.0,1,0.198036432266
1562208732.5594,0,1,0,43.0,1,4.11999988556,nan,1,43.0,0.0,1,0.198036432266
1562208732.5677,1,1,0,43.0,1,4.11999988556,nan,1,43.0,0.0,1,0.21580606699
1562208732.5698,0,1,0,43.0,1,4.11999988556,nan,1,43.0,0.0,1,0.21580606699
1562208732.5775,1,1,0,43.0,1,4.11999988556,nan,1,43.0,0.0,1,0.21256506443
1562208732.5790,0,1,0,43.0,1,4.11999988556,nan,1,43.0,0.0,1,0.21256506443
1562208732.5875,1,1,0,43.0,1,4.11999988556,nan,1,43.0,0.0,1,0.228527933359
1562208732.5894,0,1,0,43.0,1,4.11999988556,nan,1,43.0,0.0,1,0.228527933359
1562208732.5976,1,1,0,43.0,1,4.11999988556,nan,1,43.0,0.0,1,0.239256769419
1562208732.5998,0,1,0,43.0,1,4.11999988556,nan,1,43.0,0.0,1,0.239256769419
1562208732.6075,1,1,0,43.0,1,4.11999988556,nan,1,43.0,0.0,1,0.240672379732
1562208732.6091,0,1,0,43.0,1,4.11999988556,nan,1,43.0,0.0,1,0.240672379732
1562208732.6175,1,1,0,43.0,1,4.11999988556,nan,1,43.0,0.0,1,0.23677945137
1562208732.6194,0,1,0,43.0,1,4.11999988556,nan,1,43.0,0.0,1,0.23677945137
1562208732.6276,1,1,0,43.0,1,4.11999988556,nan,1,43.0,0.0,1,0.236593186855
1562208732.6298,0,1,0,43.0,1,4.11999988556,nan,1,43.0,0.0,1,0.236593186855
1562208732.6375,1,1,0,43.0,1,4.11999988556,nan,1,43.0,0.0,1,0.212211161852
1562208732.6390,0,1,0,43.0,1,4.34999990463,nan,1,43.0,0.0,1,0.212211161852
1562208732.6475,1,1,0,43.0,1,4.34999990463,nan,1,43.0,0.0,1,0.223610550165
1562208732.6493,0,1,0,43.0,1,4.34999990463,nan,1,43.0,0.0,1,0.223610550165
1562208732.6575,1,1,0,43.0,1,4.34999990463,nan,1,43.0,0.0,1,0.185444951057
1562208732.6597,0,1,0,43.0,1,4.34999990463,nan,1,43.0,0.0,1,0.185444951057
1562208732.6675,1,1,0,43.0,1,4.34999990463,nan,1,43.0,0.0,1,0.227559357882
1562208732.6701,0,1,0,43.0,1,4.34999990463,nan,1,43.0,0.0,1,0.227559357882
1562208732.6777,1,1,0,43.0,1,4.34999990463,nan,1,43.0,0.0,1,0.2177990973
1562208732.6797,0,1,0,43.0,1,4.34999990463,nan,1,43.0,0.0,1,0.2177990973
1562208732.6875,1,1,0,43.0,1,4.34999990463,nan,1,43.0,0.0,1,0.219885259867
1562208732.6900,0,1,0,43.0,1,4.34999990463,nan,1,43.0,0.0,1,0.219885259867
1562208732.6976,1,1,0,43.0,1,4.34999990463,nan,1,43.0,0.0,1,0.24089589715
1562208732.6995,0,1,0,43.0,1,4.34999990463,nan,1,43.0,0.0,1,0.24089589715
1562208732.7075,1,1,0,43.0,1,4.34999990463,nan,1,43.0,0.0,1,0.219885259867
1562208732.7098,0,1,0,43.0,1,4.34999990463,nan,1,43.0,0.0,1,0.219885259867
1562208732.7175,1,1,0,43.0,1,4.34999990463,nan,1,43.0,0.0,1,0.219400972128
1562208732.7193,0,1,0,43.0,1,4.34999990463,nan,1,43.0,0.0,1,0.219400972128
1562208732.7275,1,1,0,43.0,1,4.34999990463,nan,1,43.0,0.0,1,0.216029584408
1562208732.7296,0,1,0,43.0,1,4.34999990463,nan,1,43.0,0.0,1,0.216029584408
1562208732.7375,1,1,0,43.0,1,4.34999990463,nan,1,43.0,0.0,1,0.196527689695
1562208732.7400,0,1,0,43.0,1,4.57000017166,nan,1,43.0,0.0,1,0.196527689695
1562208732.7475,1,1,0,43.0,1,4.57000017166,nan,1,43.0,0.0,1,0.195596367121
1562208732.7493,0,1,0,43.0,1,4.57000017166,nan,1,43.0,0.0,1,0.195596367121
1562208732.7575,1,1,4.5,0,1,4.57000017166,nan,1,43.0,0.0,1,0.207386910915
1562208732.7597,0,1,4.5,0,1,4.57000017166,nan,1,43.0,0.0,1,0.207386910915
1562208732.7675,1,1,4.5,0,1,4.57000017166,nan,1,43.0,0.0,1,0.20070001483
1562208732.7700,0,1,4.5,0,1,4.57000017166,nan,1,43.0,0.0,1,0.20070001483
1562208732.7775,1,1,4.5,0,1,4.57000017166,nan,1,43.0,0.0,1,0.205747783184
1562208732.7795,0,1,4.5,0,1,4.57000017166,nan,1,0.0,4.0,1,0.205747783184
1562208732.7875,1,1,4.5,0,1,4.57000017166,nan,1,0.0,4.0,1,0.205300748348
1562208732.7892,0,1,4.5,0,1,4.57000017166,nan,1,0.0,4.0,1,0.205300748348
1562208732.7975,1,1,4.5,0,1,4.57000017166,nan,1,0.0,4.0,1,0.220015645027
1562208732.7996,0,1,4.5,0,1,4.57000017166,nan,1,0.0,4.0,1,0.220015645027
1562208732.8075,1,1,4.5,0,1,4.57000017166,nan,1,0.0,4.0,1,0.210218131542
1562208732.8099,0,1,4.5,0,1,4.57000017166,nan,1,0.0,4.0,1,0.210218131542
1562208732.8179,1,1,4.5,0,1,4.57000017166,nan,1,0.0,4.0,1,0.229813158512
1562208732.8193,0,1,4.5,0,1,4.57000017166,nan,1,0.0,4.0,1,0.229813158512
1562208732.8276,1,1,4.5,0,1,4.57000017166,nan,1,0.0,4.0,1,0.196173787117
1562208732.8296,0,1,4.5,0,1,4.57000017166,nan,1,0.0,4.0,1,0.196173787117
1562208732.8376,1,1,4.5,0,1,4.57000017166,nan,1,0.0,4.0,1,0.219214707613
1562208732.8399,0,1,4.5,0,1,4.76999998093,nan,1,0.0,4.0,1,0.219214707613
1562208732.8476,1,1,4.5,0,1,4.76999998093,nan,1,0.0,4.0,1,0.201184302568
1562208732.8493,0,1,4.5,0,1,4.76999998093,nan,1,0.0,4.0,1,0.201184302568
1562208732.8575,1,1,4.5,0,1,4.76999998093,nan,1,0.0,4.0,1,0.199899077415
1562208732.8597,0,1,4.5,0,1,4.76999998093,nan,1,0.0,4.0,1,0.199899077415
1562208732.8675,1,1,4.5,0,1,4.76999998093,nan,1,0.0,4.0,1,0.193435698748
1562208732.8700,0,1,4.5,0,1,4.76999998093,nan,1,0.0,4.0,1,0.193435698748
1562208732.8775,1,1,4.5,0,1,4.76999998093,nan,1,0.0,4.0,1,0.168476253748
1562208732.8795,0,1,4.5,0,1,4.76999998093,nan,1,0.0,4.0,1,0.168476253748
1562208732.8875,1,1,4.5,0,1,4.76999998093,nan,1,0.0,4.0,1,0.136699527502
1562208732.8899,0,1,4.5,0,1,4.76999998093,nan,1,0.0,4.0,1,0.136699527502
1562208732.8975,1,1,4.5,0,1,4.76999998093,nan,1,0.0,4.0,1,0.111702829599
1562208732.8993,0,1,4.5,0,1,4.76999998093,nan,1,0.0,4.0,1,0.111702829599
1562208732.9075,1,1,4.5,0,1,4.76999998093,nan,1,0.0,4.0,1,0.106301158667
1562208732.9096,0,1,4.5,0,1,4.76999998093,nan,1,0.0,4.0,1,0.106301158667
1562208732.9175,1,1,4.5,0,1,4.76999998093,nan,1,0.0,4.0,1,0.100061297417
1562208732.9200,0,1,4.5,0,1,4.76999998093,nan,1,0.0,4.0,1,0.100061297417
1562208732.9275,1,1,4.5,0,1,4.76999998093,nan,1,0.0,4.0,1,0.109318643808
1562208732.9293,0,1,4.5,0,1,4.76999998093,nan,1,0.0,4.0,1,0.109318643808
1562208732.9375,1,1,4.5,0,1,4.76999998093,nan,1,0.0,4.0,1,0.108554959297
1562208732.9397,0,1,4.5,0,1,4.96999979019,nan,1,0.0,4.0,1,0.108554959297
1562208732.9475,1,1,4.5,0,1,4.96999979019,nan,1,0.0,4.0,1,0.0876933336258
1562208732.9491,0,1,4.5,0,1,4.96999979019,nan,1,0.0,4.0,1,0.0876933336258
1562208732.9575,1,1,4.5,0,1,4.96999979019,nan,1,0.0,4.0,1,0.0809133052826
1562208732.9594,0,1,4.5,0,1,4.96999979019,nan,1,0.0,4.0,1,0.0809133052826
1562208732.9675,1,1,4.5,0,1,4.96999979019,nan,1,0.0,4.0,1,0.0704079866409
1562208732.9697,0,1,4.5,0,1,4.96999979019,nan,1,0.0,4.0,1,0.0704079866409
1562208732.9775,1,1,4.5,0,1,4.96999979019,nan,1,0.0,4.0,1,0.0528618693352
1562208732.9801,0,1,4.5,0,1,4.96999979019,nan,1,0.0,4.0,1,0.0528618693352
1562208732.9876,1,1,4.5,0,1,4.96999979019,nan,1,0.0,4.0,1,0.0537000596523
1562208732.9895,0,1,4.5,0,1,4.96999979019,nan,1,0.0,4.0,1,0.0537000596523
1562208732.9975,1,1,4.5,0,1,4.96999979019,nan,1,0.0,4.0,1,0.0271014869213
1562208733.0000,0,1,4.5,0,1,4.96999979019,nan,1,0.0,4.0,1,0.0271014869213
1562208733.0075,1,1,4.5,0,1,4.96999979019,nan,1,0.0,4.0,1,0.0185519456863
1562208733.0093,0,1,4.5,0,1,4.96999979019,nan,1,0.0,4.0,1,0.0185519456863
1562208733.0175,1,1,4.5,0,1,4.96999979019,nan,1,0.0,4.0,1,0.00491738319397
1562208733.0197,0,1,4.5,0,1,4.96999979019,nan,1,0.0,4.0,1,0.00491738319397
1562208733.0276,1,1,4.5,0,1,4.96999979019,nan,1,0.0,4.0,1,-0.00216066837311
1562208733.0292,0,1,4.5,0,1,4.96999979019,nan,1,0.0,4.0,1,-0.00216066837311
1562208733.0375,1,1,4.5,0,1,4.96999979019,nan,1,0.0,4.0,1,-0.00450760126114
1562208733.0395,0,1,4.5,0,1,5.15999984741,nan,1,0.0,4.0,1,-0.00450760126114
1562208733.0475,1,1,4.5,0,1,5.15999984741,nan,1,0.0,4.0,1,0.0133737921715
1562208733.0499,0,1,4.5,0,1,5.15999984741,nan,1,0.0,4.0,1,0.0133737921715
1562208733.0575,1,1,4.5,0,1,5.15999984741,nan,1,0.0,4.0,1,0.0287033617496
1562208733.0595,0,1,4.5,0,1,5.15999984741,nan,1,0.0,4.0,1,0.0287033617496
1562208733.0675,1,1,4.5,0,1,5.15999984741,nan,1,0.0,4.0,1,-0.00199303030968
1562208733.0699,0,1,4.5,0,1,5.15999984741,nan,1,0.0,4.0,1,-0.00199303030968
1562208733.0775,1,1,4.5,0,1,5.15999984741,nan,1,0.0,4.0,1,0.00141561031342
1562208733.0794,0,1,4.5,0,1,5.15999984741,nan,1,0.0,4.0,1,0.00141561031342
1562208733.0875,1,1,4.5,0,1,5.15999984741,nan,1,0.0,4.0,1,0.00752508640289
1562208733.0897,0,1,4.5,0,1,5.15999984741,nan,1,0.0,4.0,1,0.00752508640289
1562208733.0976,1,1,4.5,0,1,5.15999984741,nan,1,0.0,4.0,1,-0.0170059502125
1562208733.1000,0,1,4.5,0,1,5.15999984741,nan,1,0.0,4.0,1,-0.0170059502125
1562208733.1076,1,1,4.5,0,1,5.15999984741,nan,1,0.0,4.0,1,0.000428408384323
1562208733.1094,0,1,4.5,0,1,5.15999984741,nan,1,0.0,4.0,1,0.000428408384323
1562208733.1175,1,1,4.5,0,1,5.15999984741,nan,1,0.0,4.0,1,-0.0183843076229
1562208733.1197,0,1,4.5,0,1,5.15999984741,nan,1,0.0,4.0,1,-0.0183843076229
1562208733.1275,1,1,4.5,0,1,5.15999984741,nan,1,0.0,4.0,1,-0.0138953328133
1562208733.1301,0,1,4.5,0,1,5.15999984741,nan,1,0.0,4.0,1,-0.0138953328133
1562208733.1375,1,1,4.5,0,1,5.15999984741,nan,1,0.0,4.0,1,-0.0101886689663
1562208733.1395,0,1,4.5,0,1,5.34000015259,nan,1,0.0,4.0,1,-0.0101886689663
1562208733.1475,1,1,4.5,0,1,5.34000015259,nan,1,0.0,4.0,1,-0.0125728547573
1562208733.1499,0,1,4.5,0,1,5.34000015259,nan,1,0.0,4.0,1,-0.0125728547573
1562208733.1575,1,1,4.5,0,1,5.34000015259,nan,1,0.0,4.0,1,-0.0383146107197
1562208733.1592,0,1,4.5,0,1,5.34000015259,nan,1,0.0,4.0,1,-0.0383146107197
1562208733.1675,1,1,4.5,0,1,5.34000015259,nan,1,0.0,4.0,1,-0.0214017927647
1562208733.1695,0,1,4.5,0,1,5.34000015259,nan,1,0.0,4.0,1,-0.0214017927647
1562208733.1776,1,1,4.5,0,1,5.34000015259,nan,1,0.0,4.0,1,-0.0314973294735
1562208733.1798,0,1,4.5,0,1,5.34000015259,nan,1,0.0,4.0,1,-0.0314973294735
1562208733.1877,1,1,4.5,0,1,5.34000015259,nan,1,0.0,4.0,1,-0.03632158041
1562208733.1893,0,1,4.5,0,1,5.34000015259,nan,1,0.0,4.0,1,-0.03632158041
1562208733.1975,1,1,4.5,0,1,5.34000015259,nan,1,0.0,4.0,1,-0.043511390686
1562208733.1999,0,1,4.5,0,1,5.34000015259,nan,1,0.0,4.0,1,-0.043511390686
1562208733.2075,1,1,4.5,0,1,5.34000015259,nan,1,0.0,4.0,1,-0.0406801700592
1562208733.2092,0,1,4.5,0,1,5.34000015259,nan,1,0.0,4.0,1,-0.0406801700592
1562208733.2175,1,1,4.5,0,1,5.34000015259,nan,1,0.0,4.0,1,-0.0527314841747
1562208733.2196,0,1,4.5,0,1,5.34000015259,nan,1,0.0,4.0,1,-0.0527314841747
1562208733.2276,1,1,4.5,0,1,5.34000015259,nan,1,0.0,4.0,1,-0.0444427132607
1562208733.2299,0,1,4.5,0,1,5.34000015259,nan,1,0.0,4.0,1,-0.0444427132607
1562208733.2375,1,1,4.5,0,1,5.34000015259,nan,1,0.0,4.0,1,-0.0502914190292
1562208733.2393,0,1,4.5,0,1,5.48000001907,nan,1,0.0,4.0,1,-0.0502914190292
1562208733.2476,1,1,4.5,0,1,5.48000001907,nan,1,0.0,4.0,1,-0.0529550015926
1562208733.2497,0,1,4.5,0,1,5.48000001907,nan,1,0.0,4.0,1,-0.0529550015926
1562208733.2575,1,1,4.5,0,1,5.48000001907,nan,1,0.0,4.0,1,-0.0418722629547
1562208733.2592,0,1,4.5,0,1,5.48000001907,nan,1,0.0,4.0,1,-0.0418722629547
1562208733.2675,1,1,4.5,0,1,5.48000001907,nan,1,0.0,4.0,1,-0.0296719372272
1562208733.2696,0,1,4.5,0,1,5.48000001907,nan,1,0.0,4.0,1,-0.0296719372272
1562208733.2775,1,1,4.5,0,1,5.48000001907,nan,1,0.0,4.0,1,-0.0952742993832
1562208733.2799,0,1,4.5,0,1,5.48000001907,nan,1,0.0,4.0,1,-0.0952742993832
1562208733.2875,1,1,4.5,0,1,5.48000001907,nan,1,0.0,4.0,1,-0.0837445259094
1562208733.2893,0,1,4.5,0,1,5.48000001907,nan,1,0.0,4.0,1,-0.0837445259094
1562208733.2976,1,1,4.5,0,1,5.48000001907,nan,1,0.0,4.0,1,-0.0762566924095
1562208733.2997,0,1,4.5,0,1,5.48000001907,nan,1,0.0,4.0,1,-0.0762566924095
1562208733.3075,1,1,4.5,0,1,5.48000001907,nan,1,0.0,4.0,1,-0.0538863241673
1562208733.3092,0,1,4.5,0,1,5.48000001907,nan,1,0.0,4.0,1,-0.0538863241673
1562208733.3175,1,1,4.5,0,1,5.48000001907,nan,1,0.0,4.0,1,-0.0473670661449
1562208733.3195,0,1,4.5,0,1,5.48000001907,nan,1,0.0,4.0,1,-0.0473670661449
1562208733.3275,1,1,4.5,0,1,5.48000001907,nan,1,0.0,4.0,1,-0.043548643589
1562208733.3306,0,1,4.5,0,1,5.48000001907,nan,1,0.0,4.0,1,-0.043548643589
1562208733.3375,1,1,4.5,0,1,5.48000001907,nan,1,0.0,4.0,1,-0.0645220279694
1562208733.3400,0,1,4.5,0,1,5.59000015259,nan,1,0.0,4.0,1,-0.0645220279694
1562208733.3477,1,1,4.5,0,1,5.59000015259,nan,1,0.0,4.0,1,-0.0567175447941
1562208733.3493,0,1,4.5,0,1,5.59000015259,nan,1,0.0,83.0,1,-0.0567175447941
1562208733.3575,1,1,4.5,0,1,5.59000015259,nan,1,0.0,83.0,1,-0.0396557152271
1562208733.3597,0,1,4.5,0,1,5.59000015259,nan,1,0.0,83.0,1,-0.0396557152271
1562208733.3676,1,1,4.5,0,1,5.59000015259,nan,1,0.0,83.0,1,-0.0636279582977
1562208733.3701,0,1,4.5,0,1,5.59000015259,nan,1,0.0,83.0,1,-0.0443868339062
1562208733.3775,1,1,4.5,0,1,5.59000015259,nan,1,0.0,83.0,1,-0.0443868339062
1562208733.3794,0,1,4.5,0,1,5.59000015259,nan,1,0.0,83.0,1,-0.0443868339062
1562208733.3876,1,1,4.5,0,1,5.59000015259,nan,1,0.0,83.0,1,-0.0575929880142
1562208733.3900,0,1,4.5,0,1,5.59000015259,nan,1,0.0,83.0,1,-0.0575929880142
1562208733.3975,1,1,4.5,0,1,5.59000015259,nan,1,0.0,83.0,1,-0.112019479275
1562208733.4017,0,1,4.5,0,1,5.59000015259,nan,1,0.0,83.0,1,-0.112019479275
1562208733.4075,1,1,4.5,0,1,5.59000015259,nan,1,0.0,83.0,1,-0.463537871838
1562208733.4091,0,1,4.5,0,1,5.59000015259,nan,1,0.0,83.0,1,-0.463537871838
1562208733.4175,1,1,4.5,0,1,5.59000015259,nan,1,0.0,83.0,1,-0.978447496891
1562208733.4197,0,1,4.5,0,1,5.59000015259,nan,1,0.0,83.0,1,-0.978447496891
1562208733.4275,1,1,4.5,0,1,5.59000015259,nan,1,0.0,83.0,1,-0.654887408018
1562208733.4293,0,1,4.5,0,1,5.59000015259,nan,1,0.0,83.0,1,-0.654887408018
1562208733.4375,1,1,4.5,0,1,5.59000015259,nan,1,0.0,83.0,1,-1.14299356937
1562208733.4391,0,1,4.5,0,1,2.78999996185,nan,1,0.0,83.0,3,-1.14299356937
1562208733.4475,1,1,4.5,0,1,2.78999996185,nan,1,0.0,83.0,3,-1.02134421468
1562208733.4499,0,1,4.5,0,1,2.78999996185,nan,1,0.0,83.0,3,-1.02134421468
1562208733.4575,1,1,4.5,0,1,2.78999996185,nan,1,0.0,83.0,3,-1.01331621408
1562208733.4593,0,1,4.5,0,1,2.78999996185,nan,1,0.0,83.0,3,-1.01331621408
1562208733.4675,1,1,4.5,0,1,2.78999996185,nan,1,0.0,83.0,3,-1.25665217638
1562208733.4696,0,1,4.5,0,1,2.78999996185,nan,1,0.0,83.0,3,-1.25665217638
1562208733.4775,1,1,4.5,0,1,2.78999996185,nan,1,0.0,83.0,3,-1.07638537884
1562208733.4799,0,1,4.5,0,1,2.78999996185,nan,1,0.0,83.0,3,-1.07638537884
1562208733.4876,1,1,4.5,0,1,2.78999996185,nan,1,0.0,83.0,3,-1.14405527711
1562208733.4893,0,1,4.5,0,1,2.78999996185,nan,1,0.0,83.0,3,-1.14405527711
1562208733.4978,1,1,4.5,0,1,2.78999996185,nan,1,0.0,83.0,3,-1.60360708833
1562208733.4997,0,1,4.5,0,1,2.78999996185,nan,1,0.0,83.0,3,-1.60360708833
1562208733.5075,1,1,4.5,0,1,2.78999996185,nan,1,0.0,83.0,3,-1.33546069264
1562208733.5100,0,1,4.5,0,1,2.78999996185,nan,1,0.0,83.0,3,-1.33546069264
1562208733.5176,1,1,4.5,0,1,2.78999996185,nan,1,0.0,83.0,3,-1.12915411592
1562208733.5193,0,1,4.5,0,1,2.78999996185,nan,1,0.0,83.0,3,-1.12915411592
1562208733.5275,1,1,4.5,0,1,2.78999996185,nan,1,0.0,83.0,3,-1.19453296065
1562208733.5297,0,1,4.5,0,1,2.78999996185,nan,1,0.0,83.0,3,-1.19453296065
1562208733.5375,1,1,4.5,0,1,2.78999996185,nan,1,0.0,83.0,3,-1.00174918771
1562208733.5400,0,1,4.5,0,1,0.0,nan,1,0.0,83.0,3,-1.00174918771
1562208733.5476,1,1,4.5,0,1,0.0,nan,1,0.0,83.0,3,-0.765677541494
